{"cameraMode":{"drawMode":0,"name":"Shaded","section":"Shading Mode"},"sceneLighting":true,"audioPlay":false,"sceneViewState":{"showFog":true,"showMaterialUpdate":false,"showSkybox":true,"showFlares":true,"showImageEffects":true,"showParticleSystems":true},"in2DMode":false,"pivot":{"x":-1.9202651977539063,"y":2.972214698791504,"z":-4.651551246643066},"rotation":{"x":0.1444430947303772,"y":0.45903563499450686,"z":-0.07572078704833985,"w":0.8734003901481628},"size":21.876447677612306,"orthographic":false}