{"cameraMode":{"drawMode":0,"name":"Shaded","section":"Shading Mode"},"sceneLighting":true,"audioPlay":false,"sceneViewState":{"showFog":true,"showMaterialUpdate":false,"showSkybox":true,"showFlares":true,"showImageEffects":true,"showParticleSystems":true},"in2DMode":false,"pivot":{"x":-1.915604591369629,"y":2.2695956230163576,"z":0.8540520668029785},"rotation":{"x":-0.12476518750190735,"y":-0.47027403116226199,"z":-0.06721168011426926,"w":0.8711137175559998},"size":3.3538806438446047,"orthographic":false}