{"cameraMode":{"drawMode":0,"name":"Shaded","section":"Shading Mode"},"sceneLighting":true,"audioPlay":false,"sceneViewState":{"showFog":true,"showMaterialUpdate":false,"showSkybox":true,"showFlares":true,"showImageEffects":true,"showParticleSystems":true},"in2DMode":false,"pivot":{"x":8.442535400390625,"y":-1.9071846008300782,"z":-17.243423461914064},"rotation":{"x":0.2122913897037506,"y":-0.7828496694564819,"z":0.4572485685348511,"w":0.36499300599098208},"size":12.14533519744873,"orthographic":false}